Method,Kernel,Accuracy
A2_sbert_mean,rbf,0.721159420289855
A2_sbert_mean,linear,0.6405797101449275
A2_sbert_mean,poly,0.6939130434782609
A2_sbert_mean,sigmoid,0.6028985507246377
