Method,Kernel,Accuracy
concat,rbf,0.6944927536231884
concat,linear,0.6231884057971014
concat,poly,0.7031884057971014
concat,sigmoid,0.6202898550724638
mean,rbf,0.7217391304347827
mean,linear,0.6469565217391304
mean,poly,0.6915942028985507
mean,sigmoid,0.6081159420289856
max,rbf,0.7594202898550725
max,linear,0.7026086956521739
max,poly,0.7547826086956522
max,sigmoid,0.7078260869565217
