Augmented,Unaugmented
"{'test_loss': 2.8674087524414062, 'test_acc': 0.7060869336128235}","{'test_loss': 2.004999876022339, 'test_acc': 0.714202880859375}"
