Model,Accuracy,Precision,Recall,F1-Score
Unaugmented,0.7594202898550725,0.7530916586151368,0.7594202898550725,0.7435764336368141
Augmented (Synonym 0.25),0.7524637681159421,0.7446804582187336,0.7524637681159421,0.7363850420318595
