Model,Accuracy,Precision,Recall,F1-Score
Unaugmented,0.7594202898550725,0.7530916586151368,0.7594202898550725,0.7435764336368141
Augmented (Synonym 0.25),0.7623188405797101,0.7569013518572318,0.7623188405797101,0.7461237467556682
