Model,Accuracy,Precision,Recall,F1-Score
Unaugmented,0.7594202898550725,0.7530916586151368,0.7594202898550725,0.7435764336368141
Augmented (Synonym),0.7542028985507246,0.7482085255138505,0.7542028985507246,0.7355980420477445
