Model,Accuracy,Precision,Recall,F1-Score
Unaugmented,0.7594202898550725,0.7530916586151368,0.7594202898550725,0.7435764336368141
Augmented (Synonym),0.7553623188405797,0.7501469163747829,0.7553623188405797,0.7361270779451129
